date,sunrise_iso,sunset_iso,daylight_hours,avg_temperature_2m_24h,avg_apparent_temperature_24h,avg_temperature_80m_24h,avg_temperature_120m_24h,avg_temperature_2m_daylight,avg_apparent_temperature_daylight,avg_temperature_80m_daylight,avg_temperature_120m_daylight
2025-06-15,2025-06-15T21:48:15Z,2025-06-16T15:09:10Z,17.34861111111111,18.91269841269841,20.373015873015873,18.253968253968253,17.976190476190474,18.91269841269841,20.373015873015873,18.253968253968253,17.976190476190474
2025-06-16,2025-06-16T21:48:11Z,2025-06-17T15:09:38Z,17.3575,21.824074074074076,22.483796296296294,21.26851851851852,20.71527777777778,21.824074074074073,22.483796296296294,21.26851851851852,20.715277777777775
2025-06-17,2025-06-17T21:48:11Z,2025-06-18T15:10:02Z,17.364166666666666,23.243055555555557,24.5625,23.34259259259259,22.930555555555557,23.243055555555554,24.5625,23.34259259259259,22.930555555555557
2025-06-18,2025-06-18T21:48:16Z,2025-06-19T15:10:22Z,17.368333333333332,24.95138888888889,26.784722222222225,25.483796296296294,25.20601851851852,24.95138888888889,26.784722222222225,25.483796296296294,25.20601851851852
2025-06-19,2025-06-19T21:48:24Z,2025-06-20T15:10:40Z,17.371111111111112,27.583333333333332,29.15740740740741,27.61111111111111,27.599537037037038,27.583333333333332,29.15740740740741,27.61111111111111,27.599537037037035
2025-06-20,2025-06-20T21:48:37Z,2025-06-21T15:10:54Z,17.371388888888887,22.715277777777775,23.115740740740737,21.76851851851852,21.328703703703706,22.715277777777775,23.115740740740737,21.76851851851852,21.328703703703702
2025-06-21,2025-06-21T21:48:53Z,2025-06-22T15:11:04Z,17.369722222222222,19.69212962962963,19.53935185185185,18.627314814814813,18.069444444444446,19.69212962962963,19.53935185185185,18.627314814814813,18.069444444444443
2025-06-22,2025-06-22T21:49:13Z,2025-06-23T15:11:11Z,17.36611111111111,23.490740740740744,22.88888888888889,22.53935185185185,22.333333333333332,23.490740740740744,22.888888888888886,22.539351851851848,22.333333333333332
2025-06-23,2025-06-23T21:49:37Z,2025-06-24T15:11:14Z,17.360277777777778,22.178240740740744,22.240740740740737,21.162037037037038,20.71759259259259,22.178240740740744,22.240740740740744,21.162037037037038,20.71759259259259
2025-06-24,2025-06-24T21:50:05Z,2025-06-25T15:11:13Z,17.352222222222224,18.060185185185187,17.39814814814815,16.685185185185187,15.979166666666666,18.060185185185183,17.39814814814815,16.685185185185187,15.979166666666666
2025-06-25,2025-06-25T21:50:36Z,2025-06-26T15:11:09Z,17.3425,16.988425925925927,15.921296296296298,15.6875,15.224537037037038,16.988425925925927,15.921296296296298,15.6875,15.224537037037038
2025-06-26,2025-06-26T21:51:10Z,2025-06-27T15:11:02Z,17.33111111111111,18.36574074074074,16.90972222222222,17.356481481481485,17.00462962962963,18.365740740740744,16.909722222222225,17.35648148148148,17.00462962962963
2025-06-27,2025-06-27T21:51:47Z,2025-06-28T15:10:50Z,17.3175,20.74537037037037,19.42361111111111,19.493055555555554,19.21527777777778,20.74537037037037,19.42361111111111,19.493055555555557,19.21527777777778
2025-06-28,2025-06-28T21:52:28Z,2025-06-29T15:10:35Z,17.301944444444445,21.020833333333332,22.118055555555557,19.997685185185187,19.4375,21.020833333333332,22.118055555555554,19.997685185185187,19.4375
2025-06-29,2025-06-29T21:53:11Z,2025-06-30T15:10:17Z,17.285,21.09490740740741,21.837962962962962,20.15277777777778,19.71064814814815,21.09490740740741,21.837962962962962,20.15277777777778,19.71064814814815
